Frame,Person Count,Density
frame_0006_jpg.rf.8a0bcf08bce44f8c8f2e3a20fee4e8e0.jpg,3,Low
frame_0020_jpg.rf.e7be6cea0420531165fc51d041b92f6f.jpg,6,Medium
frame_0027_jpg.rf.d57a660e81f633e48a4c8b87a3dcd7a8.jpg,6,Medium
frame_0030_jpg.rf.6b943d2a8dd9a0ed0c1fce6644dcdafc.jpg,4,Low
frame_0032_jpg.rf.8b076d9a9cdc0609ca0403b088b44f2e.jpg,4,Low
frame_0033_jpg.rf.df4ddc58e8417cb517633b070af285d9.jpg,4,Low
frame_0037_jpg.rf.49cf446cbb8c34f05cc58df68cc56878.jpg,4,Low
frame_0038_jpg.rf.01ae8aaea9cb10c50641d1828751b211.jpg,4,Low
frame_0040_jpg.rf.af173aab68337111d9668986241d2776.jpg,4,Low
frame_0041_jpg.rf.6b27d2f7f762365a741321f42febd228.jpg,5,Low
frame_0042_jpg.rf.e78cbc53945fe5f0c0f96dafa9ce97f8.jpg,3,Low
frame_0043_jpg.rf.0ad2c8f3588ba3b7358254a9bcc2c207.jpg,5,Low
frame_0044_jpg.rf.974b73d530d76adaf5c7f1d99559b5df.jpg,3,Low
frame_0045_jpg.rf.2fd2d62e8c120be8556a1eba172ff76f.jpg,4,Low
frame_0046_jpg.rf.ac5b3b3cf754018444ca18e82d25bd9a.jpg,4,Low
frame_0047_jpg.rf.499a3f7264c3f51ba2801f8c6ec99842.jpg,4,Low
frame_0048_jpg.rf.ccfc872d30d42aa94885484969f092de.jpg,4,Low
frame_0049_jpg.rf.57e5213ca1e5bab55ec541ac79808863.jpg,4,Low
frame_0050_jpg.rf.d83bcd5ab8f294a87b013ed7342c41b4.jpg,4,Low
frame_0051_jpg.rf.df55d12fb758e5affe4bccdf35f4b48d.jpg,4,Low
frame_0052_jpg.rf.b7b47b711d0b3e336f63b81605672591.jpg,4,Low
frame_0053_jpg.rf.eb4ba93508111ad3893d5a9bf788f161.jpg,4,Low
frame_0054_jpg.rf.88746a6f2d907281114e5dbaef2487a0.jpg,7,Medium
frame_0058_jpg.rf.869a32ad871e1910a6261809961fc419.jpg,5,Low
frame_0060_jpg.rf.43906fb96b06ca276dba77e90fb08d2e.jpg,6,Medium
frame_0062_jpg.rf.c0a339d7caf9eab0587a73c327dd5d1c.jpg,5,Low
frame_0070_jpg.rf.8d2be766af7b83218c72135bde44a028.jpg,3,Low
frame_0073_jpg.rf.330ceb111f6f6225a6012ea23e1e35cf.jpg,2,Low
frame_0074_jpg.rf.387aaba5c1718de44a40f735d80c3815.jpg,2,Low
frame_0078_jpg.rf.51351d38f0b7e284999f9f9cf7ace566.jpg,2,Low
frame_0079_jpg.rf.704fb7df0378bfb92829386576afb58b.jpg,2,Low
frame_0081_jpg.rf.0ab60d851c5b07e32ddf46e4e37ba289.jpg,1,Low
frame_0082_jpg.rf.e58a00db2e877be54e5b9995d33f59bd.jpg,1,Low
frame_0084_jpg.rf.3e8221c150c147fc98f17895c74d0059.jpg,0,Low
frame_0085_jpg.rf.cb3ea6556802f0ee6eb6a54b5175dd21.jpg,1,Low
frame_0086_jpg.rf.b92dbb2e912f47af03fa609abecd6b48.jpg,1,Low
